0.8495136999999999,0,3
1.7729887,0,2
4.044122,0,1
7.6800673999999995,0,1
5.6257708,0,1
2.7961642999999996,0,1
5.7314680000000005,0,1
3.2408617000000004,0,1
1.7292661,0,0
3.9958553,0,1
3.0192341000000003,0,1
5.8299557,0,1
0.6827969,0,4
3.0956203999999996,0,1
3.1085374,0,0
2.5933062000000002,0,0
1.845718,0,0
1.200558,0,0
1.2635836,0,0
1.3535606000000002,0,0
3.0274023,0,1
3.4525257000000007,0,0
3.2363598999999996,0,0
4.1345984,0,1
3.6418529000000004,0,2
3.0748187999999996,0,1
2.887873,0,1
0.5805570999999999,0,2
8.6216395,0,1
2.9112484,0,0
3.6470072,0,1
5.8480872999999995,0,1
4.3034748,0,1
6.3241259,0,1
2.8136973,0,0
1.6392321,0,0
1.6518979,0,0
6.734812599999999,0,1
1.6487554,0,0
4.981230200000001,0,0
1.8929516,0,0
0.6068451,0,3
1.1806535,0,3
0.5846088,0,0
1.9828111000000002,0,0
0.6052272,0,3
2.4662637000000003,0,0
3.4389989,0,0
3.1637673,0,0
9.3035424,0,1
2.5980496,0,1
2.7146787,0,1
3.1730121,0,1
2.5450407000000004,0,0
3.7553223,0,0
4.164651,0,1
0.6289684,0,3
3.6224578000000003,0,1
2.3229479,0,0
2.5963442000000003,0,0
0.7580394,0,0
1.5341284,0,0
3.6924247,0,1
0.8212007,0,3
3.4276053,0,1
3.4485258,0,1
3.5283818999999994,0,1
3.2111212000000005,0,1
3.9292771,0,1
2.0805287,0,0
2.9886499,0,1
3.4179904999999997,0,0
1.4226693000000001,0,0
3.0597939999999997,0,1
2.9576346,0,1
3.0708515,0,1
2.6198272,0,1
3.493322,0,1
1.7414196,0,0
1.285137,0,2
0.7790798000000001,0,0
1.88747,0,0
5.0529123,0,1
1.8095942999999999,0,0
1.8718549999999998,0,0
2.9569833,0,1
4.4423753,0,1
3.2728082,0,1
2.2648971,0,0
2.7825555,0,2
6.926673700000001,0,1
3.3658132000000007,0,1
4.7942566,0,1
3.5434769999999998,0,0
7.458075900000001,0,1
2.6060163,0,1
14.211626999999998,0,1
1.4771034,0,0
1.1195687,0,0
4.1153368,0,1
1.4626656999999998,0,1
4.834379900000001,0,1
4.953016900000001,0,1
4.1527092,0,0
2.7301822000000002,0,1
1.8370967,0,0
5.1651454,0,1
8.373625099999998,0,1
4.3781837999999995,0,1
1.9018521000000002,0,0
0.6688725999999999,0,3
2.0511619,0,0
2.6338790000000003,0,1
2.9796927,0,1
3.2147769,0,0
10.918242800000002,0,1
4.800790900000001,0,1
4.0155569,0,1
1.9873009999999998,0,1
2.0615215,0,1
0.39135440000000005,0,0
1.7939720000000001,0,0
9.733236300000002,0,1
2.9583832,0,1
2.5416281,0,0
4.441847,0,1
2.9151497,0,1
3.2186333,0,1
2.2164645,0,0
1.2037213,0,0
0.9308301,0,4
3.7371646000000003,0,1
2.5452049,0,1
6.4817447,0,1
4.508196099999999,0,1
3.1069482,0,1
2.5362273999999996,0,1
1.8294479,0,1
2.9788508,0,1
4.958498400000001,0,1
1.9861261000000001,0,1
3.8842199,0,2
4.8101834000000006,0,1
4.4124018,0,1
0.7804629,0,3
4.1080368,0,1
3.5696673999999997,0,1
2.5211776,0,0
0.35677,0,0
3.6357712999999996,0,1
4.432552200000001,0,1
11.2626615,0,1
7.2534884,0,1
0.9887520000000001,0,0
6.1535625,0,1
3.4859145,0,1
8.232538900000002,0,1
3.2696745,0,1
6.5464473,0,1
3.4769607000000002,0,0
4.24027,0,1
1.6128666,0,1
2.0672691999999997,0,0
3.0779567,0,1
1.9359878000000001,0,0
1.5305061000000002,0,0
1.2181252,0,3
0.6212463,0,3
4.1548159,0,1
2.33205,0,0
14.6769364,0,1
3.1945845,0,1
2.8521597,0,0
4.5845871,0,0
4.6770385999999995,0,1
23.1107003,0,1
2.2695074,0,0
2.0319897,0,0
2.965166,0,1
0.7348904,0,0
1.2713288,0,0
3.2837413,0,0
7.2946313,0,1
2.9712403,0,0
2.8396459,0,1
2.1543558,0,0
1.9868431,0,1
2.4418281000000004,0,1
1.3163382,0,0
2.8957105,0,1
0.3561784,0,0
0.9600704,0,3
3.9896032999999997,0,1
1.9861446,0,1
1.8893875,0,0
1.7749724999999998,0,0
2.8103804,0,1
15.9891376,0,1
1.0028532,0,0
4.6382277,0,1
2.6542463,0,1
2.2717097,0,1
7.1807757,0,1
5.2083222000000005,0,1
1.285872,0,0
1.702563,0,0
1.178909,0,0
0.6055531999999999,0,3
1.1902059999999999,0,0
2.7046514,0,1
1.9902179,0,0
2.1516296,0,0
2.5891238999999997,0,0
3.5314847,0,0
2.8318347000000004,0,1
3.3546296,0,1
2.7041216,0,1
18.6614445,0,1
1.4215738000000002,0,2
2.259684,0,0
10.0717309,0,1
1.6430798999999998,0,0
1.8880033,0,0
2.2582197,0,0
4.0004529,0,1
0.7360031,0,3
1.9405689999999998,0,0
3.4674237,0,1
2.9529207000000004,0,0
5.812930799999999,0,1
8.2102325,0,1
17.794582199999997,0,1
2.7664832,0,1
0.7648050000000001,0,0
1.6916669999999998,0,0
4.8518017,0,1
3.5159671,0,0
0.6554669,0,3
4.800559799999999,0,1
2.0013047999999998,0,0
4.923518799999999,0,0
4.1678168,0,1
1.6137086,0,2
2.2546519,0,0
2.1269245,0,1
3.2094110000000002,0,1
3.8808875,0,1
0.9149048000000001,0,3
2.7924142999999995,0,1
3.41877,0,1
13.1248495,0,1
1.3641916,0,3
1.8774598000000002,0,0
9.2679162,0,1
1.9913006000000002,0,0
1.8349968999999997,0,0
3.2675576,0,1
2.1701770000000002,0,0
1.8580737,0,1
1.4670086000000002,0,0
7.2903402,0,1
1.3642921000000001,0,0
4.475443299999999,0,1
1.9181137,0,0
3.861797,0,0
4.4572389,0,1
4.0558815,0,1
0.9783203000000001,0,0
2.6259978,0,1
7.906443400000001,0,1
0.9605529,0,3
3.7069186000000003,0,1
1.8846797999999998,0,0
4.813299099999999,0,1
1.624008,0,1
1.6184214,0,0
3.4549571000000006,0,1
5.0449304,0,1
3.0128977999999997,0,1
1.9667735,0,0
0.5901103,0,3
2.1628945,0,0
1.5692871000000002,0,2
0.8139221,0,3
1.8816606,0,0
3.0479871,0,1
2.087815,0,0
0.3382869,0,0
2.4150144,0,0
1.8945958999999999,0,2
4.4134953,0,1
3.3597859,0,1
0.3304467,0,3
3.6186132000000004,0,1
3.9794256000000003,0,1
3.0422222000000003,0,1
5.2706769,0,1
4.1549917999999995,0,1
21.262368,0,1
1.9713324,0,0
0.6529154,0,3
2.8170026000000004,0,0
4.2764527,0,1
0.3003524,0,3
1.0930541,0,0
1.860659,0,0
3.6653767999999998,0,0
2.7862747000000003,0,0
4.1661464,0,0
2.2764821,0,0
4.3807875,0,1
1.8994258000000002,0,0
1.5547978999999998,0,0
1.3362551,0,0
1.0812781,0,3
12.9166525,0,1
3.5101468000000002,0,1
6.8869769,0,1
3.7750824,0,1
3.703596,0,1
2.8113554,0,0
2.7055352000000004,0,1
1.8359461,0,0
0.6259901,0,0
1.9723282,0,0
0.8057864,0,0
0.7113208000000001,0,0
10.520061300000002,0,1
3.6479059,0,1
3.5157717000000006,0,0
1.9965025,0,0
0.5262654999999999,0,3
2.5649908,0,0
0.7380574000000001,0,3
3.6608896,0,1
2.3993135,0,1
2.1877727000000005,0,0
4.831071700000001,0,1
0.7216560000000001,0,0
6.8783932,0,1
1.6380033999999999,0,0
2.584653,0,0
0.3346711,0,0
3.4292095000000002,0,1
8.6727937,0,1
4.7479744,0,1
3.2678045,0,1
5.9178016,0,1
1.4335743,0,0
2.9567237,0,1
2.3435332000000004,0,0
3.7888327000000004,0,1
3.2003705,0,1
2.0152297,0,0
3.0075475,0,1
0.2600595,0,3
3.5174536,0,1
3.0436661,0,1
3.4201675000000002,0,1
2.5145552,0,0
3.3030524,0,1
3.0805803,0,1
3.4779288,0,1
1.6900229,0,0
1.6156115,0,0
4.3348379999999995,0,1
2.1352046000000002,0,0
2.7073842999999997,0,1
0.5412792,0,7
2.2849752999999997,0,0
1.2656538,0,0
2.8283082999999998,0,0
3.1765218999999996,0,1
1.7378631000000002,0,0
3.0493616,0,0
2.9339125,0,0
3.6616334000000004,0,0
3.3461812000000006,0,1
4.7849894,0,1
0.2667945,0,0
3.0786192999999997,0,1
1.5496553999999998,0,0
1.9275242,0,0
0.2813877,0,0
6.3379156,0,1
3.880383,0,1
3.5574181000000005,0,1
1.3090899999999999,0,0
3.4408528,0,1
5.3455648,0,1
4.2959572999999995,0,1
1.9289633999999998,0,0
3.3048976999999997,0,0
0.5795095,0,7
4.6549569,0,1
3.3722021,0,0
0.6540038,0,0
2.7501562,0,1
0.7899913000000001,0,0
7.4423174,0,1
2.1149447,0,1
0.7953889000000001,0,0
1.0659143999999998,0,1
0.6741135,0,0
2.9661137,0,0
1.9692793000000002,0,0
0.5062302,0,3
1.0619388,0,3
2.8070867,0,0
2.9170675999999998,0,1
2.1178449,0,0
0.8340484,0,0
9.179460800000001,0,1
4.2062552,0,0
3.1933585,0,1
1.8363241000000001,0,0
10.4872183,0,1
2.4055604,0,0
11.446017800000002,0,1
5.507876,0,1
1.6619407,0,0
0.8444575999999999,0,0
6.383115900000001,0,1
3.6099235,0,1
4.6750779,0,1
2.3031515,0,0
2.6299989,0,0
2.7191106,0,1
3.7119707,0,1
3.7503262000000004,0,1
4.105507299999999,0,1
2.7256807000000003,0,1
0.32061090000000003,0,0
2.6736284,0,1
7.720348599999999,0,1
4.9172696,0,1
0.2988583,0,0
2.595163,0,0
0.8868621999999999,0,0
7.3731295,0,1
1.8831164,0,0
1.9543781000000002,0,0
3.8841435,0,1
2.1620227,0,0
2.6647439,0,1
1.6413133999999998,0,0
1.6449596999999998,0,0
2.0722102,0,1
4.3334295,0,1
3.4051457000000003,0,2
2.435302,0,0
1.9886418999999997,0,0
7.229735300000001,0,1
3.1960856,0,1
1.7668951000000002,0,0
2.8446982999999997,0,1
2.7448175999999997,0,1
0.2822635,0,0
4.2103432000000005,0,0
3.0259424,0,1
5.6990471,0,1
2.1051924,0,0
5.5048598,0,1
1.8236990000000002,0,0
2.0322554,0,0
3.9719875,0,1
1.4041626,0,0
3.2800919,0,1
2.3801558999999997,0,0
3.1850585,0,1
5.776886,0,1
6.8069039,0,1
1.6514824000000001,0,0
23.049898000000002,0,1
2.4052407000000002,0,0
2.9425592999999997,0,1
3.116335,0,0
2.0657988,0,0
4.71117,0,1
13.659468599999999,0,1
2.7392439,0,1
4.2565637,0,1
1.1985624,0,3
2.0088461,0,0
1.3173454,0,0
5.1098532,0,1
2.4813183,0,0
2.0509127,0,0
2.0959566,0,0
2.012564,0,0
1.412057,0,0
2.1577226,0,0
0.9431289,0,3
0.3612985,0,0
0.8554214,0,0
2.2863053,0,0
1.0389198,0,0
2.0349871,0,1
1.4538069,0,0
2.0879263,0,0
1.8364933,0,0
1.6210586999999999,0,0
8.0742991,0,1
6.95475,0,1
0.7629374,0,3
0.7292502,0,3
1.9584582,0,0
2.8518898,0,1
0.8196488999999999,0,0
4.4249121,0,1
3.8010236000000006,0,1
2.2204157,0,0
2.3302808999999995,0,1
2.1877614,0,0
1.4631213,0,6
1.1196264999999999,0,3
0.740849,0,3
3.4200716,0,1
6.5535352,0,1
6.893801299999999,0,1
4.833778700000001,0,1
2.5762477,0,0
2.0016206000000003,0,0
2.5395621,0,1
3.2099154,0,2
2.6747528,0,1
3.2291997,0,1
0.7813305,0,0
3.3208376000000004,0,1
6.8566818,0,1
6.1650894,0,1
0.5311005,0,3
3.4703605000000004,0,1
2.1342647,0,0
2.8947502999999997,0,1
1.6038128999999999,0,0
2.4564447,0,1
6.0207215,0,1
2.7458485,0,0
2.9203080000000003,0,1
5.2619072000000005,0,1
5.9927022,0,1
4.166478,0,1
0.4146549,0,3
3.5503611000000004,0,1
1.1530145,0,1
0.515025,0,6
5.0711482000000005,0,1
2.5244549,0,1
4.6225058,0,1
2.1625189,0,0
2.4207096000000003,0,1
13.512843400000001,0,1
3.5989663,0,1
3.5332635999999997,0,0
1.1193322,0,0
3.9535302000000003,0,1
2.8470881,0,1
4.4667392,0,1
5.407378700000001,0,1
1.9864348000000003,0,0
3.5263678,0,1
2.3135425,0,0
3.2529790000000003,0,1
3.6867629999999996,0,1
2.6793405,0,0
2.8754449,0,1
2.7990775,0,1
0.7671147,0,3
0.6908126,0,0
0.5686925,0,7
2.0336413,0,0
4.0608575,0,1
2.6932881,0,0
1.9449776,0,0
3.2234021,0,1
2.1589087000000005,0,0
4.6462974,0,0
3.4960864999999997,0,1
2.7099862999999997,0,1
3.3379668,0,1
1.9158849999999998,0,0
2.5745626,0,1
4.3328495,0,1
3.9130762999999997,0,1
5.073910400000001,0,1
2.8707135,0,1
2.6594596,0,0
7.6991321,0,1
1.5305309,0,0
2.8280658,0,0
3.0721008,0,1
3.4508357000000003,0,1
2.8937904,0,1
5.652353700000001,0,1
1.8744953999999998,0,1
1.2383876,0,3
2.9075887000000002,0,1
2.7555691,0,0
1.9172011999999998,0,0
9.390153699999999,0,1
3.4854312999999997,0,1
2.0744903000000003,0,0
4.3056374,0,1
0.5283468000000001,0,5
2.3696581,0,2
0.6604201,0,3
0.4470572,0,0
5.919956900000001,0,1
2.3709264,0,1
2.1444944,0,1
9.6109017,0,1
2.7873539000000003,0,1
8.1702063,0,1
0.7343890000000001,0,3
4.080749,0,1
2.3843642000000003,0,0
3.0920050999999997,0,1
1.4132351,0,0
4.796293299999999,0,1
4.3828189,0,1
2.8305808,0,1
3.2791657,0,1
2.8829357000000004,0,1
3.5869101000000003,0,1
1.8381271000000001,0,0
2.2923843999999995,0,0
0.7226984000000001,0,3
3.5405302000000005,0,1
2.6366878,0,1
7.070570699999999,0,1
1.8946328000000001,0,0
2.2850761000000004,0,1
5.1478634,0,1
2.1399432999999997,0,0
2.7574617999999997,0,1
2.1494164000000002,0,0
0.5177675,0,0
5.5485136,0,1
4.6163957,0,1
4.3237165,0,0
3.305185,0,0
2.6605001,0,1
8.5906114,0,1
3.9342472,0,1
2.7963327999999996,0,0
2.3844907,0,0
1.9501423,0,0
10.4850323,0,1
2.4774706,0,2
7.5501095000000005,0,1
3.2327071,0,1
1.8049404999999998,0,0
2.6756613,0,1
3.9403302000000004,0,1
2.5300743,0,1
1.3695732,0,0
3.4493422999999996,0,1
1.9052206000000003,0,0
2.2629302000000004,0,1
5.9760504,0,1
6.1802352,0,1
2.7987176,0,1
1.1101982,0,3
2.3232011000000004,0,0
2.9355271000000003,0,2
1.244764,1,4
1.436022,1,3
0.888357,1,3
0.898379,1,3
2.536684,1,3
4.034925,1,3
2.007246,1,3
5.872941,1,3
1.57988,1,3
0.945098,1,3
2.4931400000000004,1,0
2.801771,1,3
1.841066,1,3
1.2940459999999998,1,3
2.471228,1,0
0.625496,1,0
0.588812,1,2
2.042807,1,0
1.7160389999999999,1,4
1.16001,1,3
1.0814350000000001,1,3
2.7332349999999996,1,3
3.832206,1,3
2.389798,1,0
1.121327,1,3
1.173599,1,0
300.70189,1,0
2.0658529999999997,1,0
2.059227,1,2
8.208631,1,2
1.760591,1,3
1.1001729999999998,1,3
0.576164,1,2
0.960456,1,3
6.725160000000001,1,3
2.07913,1,3
2.0741330000000002,1,3
1.725457,1,0
4.342448,1,3
1.028691,1,0
24.66808,1,0
2.047743,1,3
1.34419,1,0
2.744739,1,3
3.08167,1,3
1.1691989999999999,1,3
3.34343,1,0
0.831615,1,3
0.6633939999999999,1,2
2.936544,1,3
1.6798490000000001,1,3
0.932,1,2
1.164929,1,3
1.947336,1,3
3.3552199999999996,1,3
3.3175589999999997,1,3
106.10513999999999,1,3
1.710002,1,3
1.144036,1,0
9.0195,1,0
2.727195,1,3
4.35297,1,3
0.76041,1,2
3.38404,1,3
0.981526,1,3
1.6437240000000002,1,0
1.515009,1,3
0.9574229999999999,1,3
4.173533,1,3
2.9792009999999998,1,3
1.960464,1,3
1.73917,1,3
17.705294,1,0
2.50002,1,3
5.594151,1,0
2.38593,1,3
2.93782,1,3
2.041427,1,3
9.707009,1,0
2.169884,1,0
1.8151580000000003,1,3
1.350363,1,0
2.831067,1,3
0.7756350000000001,1,0
1.246378,1,2
1.966117,1,3
142.94832399999999,1,1
1.859586,1,0
1.3902809999999999,1,0
0.902963,1,2
0.787355,1,2
1.664785,1,0
25.222004000000002,1,3
3.8142,1,3
4.006183,1,0
3.0885700000000003,1,3
2.14732,1,0
2.1548849999999997,1,3
1.642253,1,3
1.5719049999999999,1,3
1.2482520000000001,1,2
1.43545,1,3
3.462518,1,0
1.7993599999999998,1,3
1.362889,1,0
0.8990530000000001,1,3
5.419036,1,0
11.868758999999999,1,2
1.7536880000000001,1,0
2.162962,1,0
5.7083699999999995,1,3
3.5617769999999997,1,3
1.259566,1,4
4.895278,1,4
0.81602,1,0
7.198442,1,3
0.948382,1,3
7.38357,1,4
2.751155,1,3
1.8850959999999999,1,3
1.44614,1,0
4.871696,1,0
49.502223,1,2
2.221954,1,3
1.383794,1,0
1.1132959999999998,1,0
1.7790169999999998,1,4
8.46005,1,0
0.638624,1,3
2.73808,1,3
2.418192,1,3
3.4164,1,0
2.843658,1,0
2.283807,1,0
38.02952,1,0
3.4250849999999997,1,3
17.074291,1,3
102.727227,1,0
3.2842599999999997,1,0
1.4066239999999999,1,0
1.410584,1,0
0.741187,1,2
1.7045599999999999,1,3
0.9328270000000001,1,0
0.749637,1,0
5.793585,1,0
3.3672199999999997,1,3
0.53874,1,2
1.077367,1,3
1.319332,1,3
5.26286,1,0
2.27842,1,3
1.4097899999999999,1,3
0.796637,1,0
3.2137689999999997,1,3
1.1328040000000001,1,3
1.654334,1,0
10.590962,1,3
1.1275540000000002,1,3
0.707823,1,0
1.343212,1,3
4.12986,1,0
5.807449,1,3
1.3164719999999999,1,0
0.8571770000000001,1,3
3.031501,1,0
4.116487,1,3
268.07409900000005,1,0
1.80702,1,3
5.13771,1,3
0.969949,1,2
0.87018,1,0
5.540738,1,3
2.61765,1,3
0.826383,1,1
3.5242400000000003,1,0
2.800611,1,0
3.0480709999999998,1,3
16.21303,1,0
8.881809,1,0
2.475448,1,3
5.704708,1,0
2.11868,1,3
2.25252,1,3
11.356566,1,0
1.361696,1,3
1.728616,1,3
3.799321,1,0
11.293849,1,3
1.46716,1,3
0.50817,1,2
141.342908,1,2
8.756282,1,3
2.6591270000000002,1,0
7.402703999999999,1,3
2.5592650000000003,1,3
3.4675309999999997,1,3
1.362004,1,0
3.804357,1,3
187.190549,1,0
18.472471,1,2
3.74864,1,3
2.015833,1,0
3.843925,1,0
2.422401,1,0
2.150754,1,3
2.172768,1,3
2.8226,1,0
0.50631,1,0
2.1189299999999998,1,3
1.873938,1,3
0.7694949999999999,1,0
2.515778,1,3
0.9392280000000001,1,0
1.4130850000000001,1,0
2.60557,1,3
25.524453,1,0
87.019676,1,1
18.22736,1,0
0.818539,1,3
3.46892,1,3
2.464163,1,2
6.044526,1,3
40.72047,1,0
5.103937,1,3
1.113246,1,0
2.765501,1,0
2.346775,1,3
1.7134639999999999,1,3
6.723225,1,3
3.3702300000000003,1,3
2.017514,1,0
1.548465,1,3
169.842866,1,2
2.448754,1,3
0.606078,1,2
2.4073740000000003,1,3
3.0451900000000003,1,4
0.863567,1,4
2.6765689999999998,1,3
1.401478,1,3
1.602485,1,3
1.7270599999999998,1,0
1.14106,1,0
1.37553,1,3
3.23651,1,3
172.991687,1,0
1.67251,1,3
2.9836709999999997,1,3
0.417813,1,0
1.931218,1,0
264.22075,1,3
2.928818,1,3
2.6211900000000004,1,0
3.060181,1,3
1.49555,1,0
1.59009,1,3
3.810379,1,0
1.739171,1,1
4.320794,1,3
2.370832,1,3
1.720535,1,0
5.186678,1,3
2.134393,1,3
1.4694690000000001,1,0
2.7775819999999998,1,3
4.99906,1,3
6.990421,1,3
1.0519969999999998,1,3
17.026010999999997,1,5
2.326015,1,3
1.6511,1,3
5.24017,1,3
0.539272,1,2
13.84595,1,0
0.9151440000000001,1,0
50.27251,1,2
2.74823,1,3
1.369876,1,0
1.451396,1,3
1.180269,1,0
12.6545,1,3
1.4353420000000001,1,0
3.8866400000000003,1,0
4.808875,1,3
3.9634400000000003,1,0
105.42611399999998,1,0
1.011183,1,0
2.749429,1,3
1.487011,1,3
1.008523,1,0
0.8574450000000001,1,0
1.179337,1,0
0.898091,1,3
1.565364,1,0
1.080274,1,3
1.017833,1,0
5.049131,1,0
33.874392,1,6
3.270983,1,3
0.986676,1,0
3.407982,1,3
1.087517,1,3
0.8527040000000001,1,2
7.026269999999999,1,3
1.4037899999999999,1,3
2.303932,1,3
2.71821,1,3
1.580275,1,0
18.61186,1,0
3.8900900000000003,1,0
0.8308760000000001,1,0
1.937077,1,4
6.21764,1,3
12.92625,1,3
1.8759759999999999,1,3
0.935033,1,3
3.57902,1,3
0.5356390000000001,1,0
1.8635700000000002,1,3
0.771838,1,2
3.4051199999999997,1,3
9.797702000000001,1,0
1.613305,1,3
6.866325999999999,1,3
1.57169,1,3
7.473196000000001,1,3
1.02035,1,0
2.3403,1,3
2.120926,1,3
2.295746,1,3
7.136139999999999,1,3
2.8799200000000003,1,3
6.399401999999999,1,3
5.491969999999999,1,3
0.6897800000000001,1,2
1.287758,1,3
1.058944,1,0
1.2070319999999999,1,0
1.3548200000000001,1,3
1.9150150000000001,1,0
3.063976,1,0
1.06739,1,3
1.821559,1,0
7.439625,1,4
1.225638,1,3
1.59189,1,3
8.46304,1,3
1.6186200000000002,1,3
2.434528,1,3
1.60291,1,3
3.268484,1,3
1.6520549999999998,1,3
2.498952,1,3
1.630595,1,3
4.42957,1,3
1.1718309999999998,1,0
14.964589000000002,1,2
1.469177,1,3
2.7494709999999998,1,0
5.545611,1,0
1.1455870000000001,1,3
1.062833,1,4
0.806523,1,0
1.143356,1,3
1.166514,1,3
10.9666,1,3
39.05086,1,0
4.0456449999999995,1,0
3.892314,1,3
1.68661,1,3
4.68705,1,3
95.915631,1,2
3.308928,1,0
6.091130000000001,1,0
1.6525610000000002,1,3
2.301818,1,3
1.6454900000000001,1,0
0.886808,1,3
3.3862980000000005,1,3
1.863344,1,2
0.9253469999999999,1,0
2.818793,1,3
0.862275,1,0
0.849282,1,0
0.920983,1,0
2.90738,1,3
0.771883,1,0
1.216007,1,0
6.62723,1,0
322.081339,1,1
1.962675,1,3
1.55588,1,3
1.6800400000000002,1,3
1.06689,1,0
1.360557,1,0
0.764468,1,3
3.49475,1,0
2.792273,1,3
1.288116,1,0
0.9580069999999999,1,3
6.473317,1,0
4.28559,1,0
0.987927,1,3
4.782868,1,3
1.884836,1,3
3.5986599999999997,1,3
2.230779,1,3
3.0944599999999998,1,3
0.9515299999999999,1,0
76.239071,1,2
1.323819,1,4
0.41824300000000003,1,2
66.75732099999999,1,3
3.5139,1,3
1.51576,1,3
12.717701,1,3
20.105629999999998,1,0
0.544975,1,2
9.004878,1,3
1.240346,1,3
79.38213,1,2
5.3915,1,0
1.589795,1,3
18.224732,1,0
2.940851,1,3
0.8345799999999999,1,3
1.331316,1,3
1.644135,1,3
1.4717040000000001,1,0
3.828876,1,3
4.028012,1,3
1.134454,1,3
2.33284,1,3
1.38329,1,3
3.791425,1,0
2.0185150000000003,1,3
5.24554,1,3
2.480984,1,6
3.3077550000000002,1,0
1.0504200000000001,1,3
1.9086169999999998,1,3
0.5617,1,0
1.07579,1,0
1.0126870000000001,1,3
1.71259,1,3
1.586015,1,3
2.248666,1,3
2.565799,1,0
6.162021,1,0
6.441071,1,0
36.81935,1,0
2.265046,1,3
1.54798,1,3
6.2355,1,3
4.38105,1,0
0.656812,1,0
1.706034,1,3
1.4709649999999999,1,3
0.79089,1,2
1.02569,1,0
1.245526,1,0
3.071908,1,3
1.7351900000000002,1,0
2.05877,1,0
4.908772,1,2
1.8282779999999998,1,4
0.895999,1,0
4.367648,1,0
118.818132,1,1
190.486275,1,2
2.3507569999999998,1,0
1.241706,1,0
1.762461,1,0
2.0716799999999997,1,3
4.28747,1,3
4.858747,1,2
1.55611,1,0
4.633175,1,4
3.13143,1,3
2.2796060000000002,1,3
2.473592,1,3
1.754833,1,0
5.506948,1,0
3.31204,1,3
0.9316629999999999,1,0
4.217761,1,3
1.7604669999999998,1,3
1.779031,1,0
43.58566,1,0
1.459945,1,3
2.4853400000000003,1,3
1.6739119999999998,1,3
3.2227490000000003,1,0
3.03063,1,3
1.265878,1,3
3.801,1,3
2.5662599999999998,1,0
28.495153000000002,1,2
1.613514,1,3
3.672505,1,3
5.376946,1,3
0.940679,1,3
6.20268,1,1
1.490621,1,3
1.070287,1,0
1.0557729999999999,1,0
3.4671160000000003,1,3
0.606406,1,0
2.6815830000000003,1,3
1.7159229999999999,1,3
1.4386079999999999,1,3
4.64769,1,3
5.913873000000001,1,0
7.982647999999999,1,2
1.270044,1,0
2.3788150000000003,1,3
0.747136,1,3
6.051519,1,0
23.967793,1,0
2.638548,1,0
2.4668639999999997,1,3
26.324271000000003,1,2
214.267299,1,4
1.610645,1,3
1.454346,1,3
1.337266,1,4
1.2565540000000002,1,3
278.454956,1,0
4.089439,1,3
1.8726310000000002,1,3
1.050983,1,3
8.536716,1,0
1.560715,1,3
13.808929000000001,1,4
18.554130999999998,1,0
17.512257,1,2
1.400296,1,0
1.581185,1,3
2.216725,1,0
2.90415,1,3
175.03663,1,0
8.16421,1,0
12.696069999999999,1,0
0.829709,1,2
2.419036,1,3
1.805996,1,3
2.51016,1,4
1.57395,1,3
1.798909,1,3
17.779757,1,0
2.2780099999999996,1,0
1.5179850000000001,1,0
3.658242,1,3
2.08724,1,3
2.503796,1,3
1.8783439999999998,1,0
3.4603,1,3
6.8281600000000005,1,3
1.9216830000000003,1,3
1.583919,1,3
1.588065,1,3
2.3441650000000003,1,3
0.920515,1,0
1.1792799999999999,1,0
1.7861360000000002,1,3
1.278152,1,0
3.7908800000000005,1,3
7.63865,1,3
0.963025,1,0
1.162606,1,0
4.417641000000001,1,3
3.9626,1,3
3.05113,1,3
1.0721829999999999,1,0
1.6837360000000001,1,3
1.902294,1,3
0.978166,1,0
1.7138830000000003,1,3
7.409541,1,1
1.286268,1,3
2.765231,1,3
0.9765030000000001,1,4
1.158865,1,3
2.557126,1,3
0.39820900000000004,1,2
1.7247080000000001,1,3
0.9876530000000001,1,0
0.946378,1,0
4.16804,1,3
3.1745810000000003,1,3
8.990214,1,0
6.822686999999999,1,0
2.835609,1,3
1.02701,1,2
1.15657,1,0
0.867183,1,3
2.1712,1,3
1.3558709999999998,1,3
19.292955,1,0
138.640394,1,0
32.359429,1,2
1.61028,1,0
1.70355,1,3
1.7727540000000002,1,0
2.3511729999999997,1,3
1.238842,1,0
50.545338,1,2
1.670597,1,0
2.10873,1,3
1.032977,1,0
6.120766000000001,1,0
2.86084,1,3
1.7494599999999998,1,3
3.239807,1,3
6.47273,1,3
4.057981,1,3
3.6947059999999996,1,3
2.327105,1,0
0.9554239999999999,1,3
0.5876060000000001,1,2
36.874808,1,2
1.1198299999999999,1,3
1.296568,1,3
1.423873,1,3
1.717597,1,1
5.982219000000001,1,3
5.51558,1,0
88.203474,1,1
5.828392,1,3
2.013434,1,4
1.8238830000000001,1,0
3.52598,1,3
1.4110209999999999,1,0
1.09473,1,3
1.8562,1,4
1.661631,1,3
2.220154,1,3
1.600595,1,1
3.9316800000000005,1,0
4.96968,1,0
1.373168,1,0
16.589088,1,0
3.034201,1,0
1.768046,1,3
6.204121,1,3
1.7276029999999998,1,3
4.811066,1,3
7.150163,1,3
17.788802,1,2
3.6118980000000005,1,2
2.6868,1,0
3.379319,1,3
120.62973000000001,1,3
2.889959,1,3
2.4644220000000003,1,2
24.918394,1,0
2.1410009999999997,1,4
3.75829,1,3
9.891977,1,0
1.050853,1,3
2.11747,1,3
1.15577,1,0
88.572294,1,2
7.422611,1,0
3.8039699999999996,1,0
0.285821,2,3
0.6548285,2,1
0.5692833,2,1
0.4355361,2,0
0.5540319,2,1
0.6604437,2,1
0.5612562,2,1
0.6226154,2,1
0.323337,2,0
0.5638321999999999,2,1
0.5501607,2,1
0.6371603,2,1
0.2661449,2,3
0.4278933,2,2
0.5226348,2,1
0.362777,2,2
0.5450537,2,1
0.3564992,2,0
0.3713955,2,0
0.5015952,2,1
0.35790859999999997,2,2
0.6113044,2,1
0.7139083,2,1
0.4972567,2,1
0.6177566999999999,2,1
0.5744566999999999,2,1
0.6829648,2,1
0.28146479999999996,2,3
0.37163759999999996,2,0
0.5720688,2,1
0.5466920999999999,2,1
0.30126479999999994,2,0
0.3043683,2,0
0.3346103,2,0
0.3318596,2,0
0.6195474,2,1
0.3440156,2,0
0.3239687,2,0
0.5492670999999999,2,1
0.5761215000000001,2,1
0.7339866,2,1
0.6538499,2,1
0.29841809999999996,2,0
0.6555588000000001,2,1
0.5031491,2,1
0.3526788,2,0
0.550095,2,1
0.6736213000000001,2,1
0.5827545,2,1
0.6208092,2,1
0.6212143,2,1
0.49476000000000003,2,1
0.5338468000000001,2,1
0.3501965,2,0
0.5675599,2,1
0.6151123000000001,2,1
0.5764408000000001,2,1
0.5366603,2,1
0.6266437,2,1
0.33469099999999996,2,0
0.6095868,2,1
0.2628521,2,3
0.6170403,2,1
0.5832202,2,1
0.5684145,2,1
0.6502055,2,1
0.5645956999999999,2,1
0.31744479999999997,2,0
0.3228047,2,0
0.5975241,2,1
0.3156171,2,0
0.7146595,2,1
0.4327197,2,0
0.629175,2,1
0.5313264,2,1
0.5363483,2,1
0.5615894,2,1
0.3703567,2,1
0.3940416,2,2
0.3477427,2,0
0.34654309999999994,2,0
0.534421,2,1
0.6371158,2,1
0.6918965,2,1
0.6936366999999999,2,1
0.3156863,2,0
0.5648155,2,1
0.5521758000000001,2,1
0.6237951999999999,2,1
0.31824359999999996,2,0
0.6178216999999999,2,1
0.5918064000000001,2,1
0.35018130000000003,2,0
0.5130100000000001,2,1
0.6560568,2,1
0.6354408,2,1
0.5989863000000001,2,1
0.5403839,2,1
0.57515,2,1
0.6102350000000001,2,1
0.5242683,2,1
0.3003245,2,0
0.49388350000000003,2,1
0.3018938,2,0
0.5532034,2,1
0.48949209999999993,2,1
0.5555023,2,1
0.3424749,2,0
0.6205403,2,1
0.5990198,2,1
0.5339373000000001,2,1
0.3135051,2,0
0.5599940999999999,2,1
0.3305264,2,0
0.5855897,2,1
0.4541121,2,1
0.27573200000000003,2,3
0.4853545999999999,2,1
0.6481373,2,1
0.4037308,2,0
0.35668459999999996,2,0
0.5263224,2,1
0.3498886,2,0
0.3462534,2,0
0.45715839999999996,2,1
0.5551957,2,1
0.5961059,2,1
0.7033166000000001,2,1
0.5684363,2,1
0.5638012,2,1
0.5581001999999999,2,1
0.5245818,2,1
0.5025963,2,1
0.5361943,2,1
0.6484694999999999,2,1
0.5372884,2,1
0.5644314,2,1
0.6458738,2,1
0.5386513,2,1
0.6240003000000001,2,1
0.5798923,2,1
0.5879426999999999,2,1
0.35824429999999996,2,0
0.7348499,2,1
0.5375686,2,1
0.44903509999999996,2,1
0.6831126000000001,2,1
0.6579531,2,1
0.5654906999999999,2,1
0.6246523,2,1
0.6548761,2,1
0.5899204,2,1
0.594565,2,1
0.33904470000000003,2,0
0.6223884,2,1
0.6328014,2,1
0.6019002,2,1
0.289125,2,0
0.47237510000000005,2,1
0.5683708000000001,2,1
0.3428753,2,0
0.5341266,2,1
0.638937,2,1
0.6364064,2,1
0.5860918,2,1
0.29271220000000003,2,3
0.7814973000000001,2,1
0.5649158000000001,2,1
0.3566381,2,2
0.3468882,2,0
0.30707090000000004,2,0
0.6097916999999999,2,1
0.5145254,2,1
0.37877649999999996,2,1
0.35157140000000003,2,0
0.4236715999999999,2,0
0.4949897,2,1
0.6057029,2,1
0.5416949999999999,2,1
0.49559970000000003,2,1
0.4026065,2,0
0.6002208,2,1
0.800133,2,1
0.535601,2,1
0.5944699999999999,2,1
0.6338991999999999,2,1
0.6001345,2,1
0.2797877,2,3
0.5298254,2,1
0.7267807,2,1
0.35497670000000003,2,0
0.6686654000000001,2,1
0.5332979,2,1
0.36567340000000004,2,1
0.5354411,2,1
0.48947209999999997,2,1
0.5128877000000001,2,1
0.5885623999999999,2,1
0.5301359,2,1
0.5053420999999999,2,1
0.3278047,2,0
0.3398819,2,0
0.3178616,2,0
0.5302868000000001,2,1
0.6122513,2,1
0.5071548,2,1
0.4879093,2,1
0.6225662,2,1
0.35585520000000004,2,2
0.35234299999999996,2,2
0.577913,2,1
0.7148659,2,1
0.5445515999999999,2,1
0.5558326,2,1
0.5854676999999999,2,1
0.7796757,2,1
0.5888260999999999,2,1
0.5074976999999999,2,1
0.8213386999999999,2,1
0.3553394,2,0
0.3242253,2,0
0.7684793000000001,2,1
0.36364250000000004,2,0
0.575681,2,1
0.35826890000000006,2,2
0.7038244,2,1
0.5440144,2,1
0.37904709999999997,2,0
0.5982503,2,1
0.6148724,2,1
0.5946057,2,1
0.6297149999999999,2,1
0.2450714,2,3
0.5997897,2,1
0.3408532,2,0
0.48878019999999994,2,1
0.525421,2,1
0.3042511,2,0
0.27202859999999995,2,0
0.672021,2,1
0.3650587,2,2
0.6381579000000001,2,1
0.5862528,2,1
0.5575986999999999,2,1
0.3419156,2,2
0.5522404000000001,2,1
0.6477718000000001,2,1
0.5734009,2,1
0.5458437,2,1
0.34320900000000004,2,0
0.32117729999999994,2,0
0.5628109,2,1
0.34589709999999996,2,0
0.5949101,2,1
0.5763804,2,1
0.6142295999999999,2,1
0.3249734,2,0
0.7360977,2,1
0.3542174,2,2
0.5966121,2,1
0.5684253,2,1
0.6891946999999999,2,1
0.3013146,2,0
0.33145630000000004,2,0
0.5098327,2,1
0.5960104,2,1
0.5768594,2,1
0.40501390000000004,2,0
0.3351147,2,0
0.3679257,2,0
0.33078320000000005,2,0
0.6307074,2,1
0.5828432,2,1
0.5416068,2,1
0.6057251,2,1
0.6755826,2,1
0.29931779999999997,2,0
0.3283963,2,0
0.5522786,2,1
0.5043857,2,1
0.36339970000000005,2,0
0.7709803000000001,2,1
0.6327904000000001,2,1
0.5245757,2,1
0.5490323,2,1
0.478076,2,1
0.6362352,2,1
0.5034974,2,1
0.3357016,2,0
0.5126574,2,1
0.5316634,2,1
0.6491366,2,1
0.6465368,2,1
0.3424205,2,0
0.6101531,2,1
0.6144559,2,1
0.8622583,2,1
0.2887011,2,0
0.5185612,2,1
0.6222335,2,1
0.5712308,2,1
0.7947435,2,1
0.3167054,2,0
0.5896883,2,1
0.2855342,2,0
0.6344825,2,1
0.2827186,2,3
0.5374169,2,1
0.4687159000000001,2,1
0.47420329999999994,2,1
0.5966779999999999,2,1
0.5342894,2,1
0.5478102,2,1
0.581398,2,1
0.6029521,2,1
0.6229382,2,1
0.3076662,2,0
0.3569202,2,0
0.6385764,2,1
0.5755666,2,1
0.5695294,2,1
0.5873419,2,1
0.341988,2,0
0.5099734,2,1
0.6275168999999999,2,1
0.4627335,2,1
0.6757506999999999,2,1
0.6432154999999999,2,1
0.6120460999999999,2,1
0.3298373,2,0
0.5139407,2,1
0.33312929999999996,2,0
0.6750853,2,1
0.6947526999999999,2,1
0.6571597,2,1
0.6282393000000001,2,1
0.5251901999999999,2,1
0.30132859999999995,2,0
0.3049903,2,0
0.4807634,2,1
0.49289170000000004,2,1
0.2902289,2,0
0.5552661999999999,2,1
0.5632436,2,1
0.6754414000000001,2,1
0.36734690000000003,2,0
0.645518,2,1
0.6101824,2,1
0.5546831999999999,2,1
0.5781555,2,1
0.6442564000000001,2,1
0.5510537,2,1
0.47863940000000005,2,1
0.3982156,2,2
0.6307583999999999,2,1
0.3174532,2,0
0.3605884,2,2
0.6110405,2,1
0.37400079999999997,2,0
0.6135791,2,1
0.2985127,2,3
0.540695,2,1
0.5002687,2,1
0.6977937,2,1
0.3615282,2,2
0.7000255,2,1
0.5205854999999999,2,1
0.7590158,2,1
0.5353633000000001,2,1
0.4031687,2,0
0.5545233,2,1
0.5543163000000001,2,1
0.2810515,2,0
0.5661267,2,1
0.5503978,2,1
0.5828879,2,1
0.7020069999999999,2,1
0.6249720999999999,2,1
0.6276577,2,1
0.37671859999999996,2,0
0.5403581000000001,2,1
0.5828688,2,1
0.6492699000000001,2,1
0.5999812,2,1
0.6095089,2,1
0.6643481,2,1
0.3571646,2,2
0.6369281,2,1
0.618267,2,1
0.3092057,2,0
0.5306328,2,1
0.5875083000000001,2,1
0.5491363,2,1
0.5312286,2,1
0.35670799999999997,2,2
0.3315465,2,0
0.4866497,2,1
0.6024417,2,1
0.34622759999999997,2,0
0.6305586999999999,2,1
0.6462055999999999,2,1
0.4987852,2,1
0.6202785,2,1
0.2893542,2,3
0.5541093,2,1
0.49607290000000004,2,1
0.5454734,2,1
0.6379871,2,1
0.5389525,2,1
0.7277488,2,1
0.464722,2,1
0.5178212000000001,2,1
0.3728395,2,2
0.5251041999999999,2,1
0.5832246999999999,2,1
0.7221951,2,1
0.31519840000000005,2,0
0.5926249,2,1
0.5866399,2,1
0.3102158,2,0
0.5529693,2,1
0.7616944,2,1
0.599259,2,1
0.42841480000000004,2,1
0.7074593000000001,2,1
0.39319,2,0
0.3737207,2,0
0.5726634,2,1
0.5103439999999999,2,1
0.5808429,2,1
0.5904833,2,1
0.5659015000000001,2,1
0.2637935,2,3
0.6070340999999999,2,1
0.5640844,2,1
0.5638746,2,1
0.3427423,2,2
0.7077102,2,1
0.6923186,2,1
0.3598906,2,2
0.5732769,2,1
0.590645,2,1
0.5594284,2,1
0.2905772,2,0
0.6207212,2,1
0.47024449999999995,2,1
0.2799534,2,0
0.3456395,2,0
0.4580532,2,1
0.31894709999999993,2,0
0.6886213999999999,2,1
0.6284964,2,1
0.5327194000000001,2,1
0.6562779000000001,2,1
0.5280744,2,1
0.3270024,2,0
0.3460348,2,0
0.5384295,2,1
0.313227,2,0
0.6735926,2,1
0.5231662,2,1
0.2650599,2,3
0.484835,2,1
0.44438140000000004,2,1
0.3261223,2,0
0.48172489999999996,2,1
0.3190473,2,0
0.5042179,2,1
0.5823437,2,1
0.35015820000000003,2,1
0.5372428000000001,2,1
0.616591,2,1
0.5878831999999999,2,1
0.3033342,2,0
0.48197790000000007,2,1
0.3194882,2,0
0.4522764,2,1
0.6855893,2,1
0.3707054,2,2
0.3361538,2,0
0.6121168,2,1
0.6303554,2,1
0.6648494,2,1
0.6110831999999999,2,1
0.5164378,2,1
0.6280380999999999,2,1
0.5100092,2,1
0.3556486,2,2
0.5403765,2,1
0.7174871,2,1
0.33057929999999996,2,0
0.3262965,2,0
0.40004120000000004,2,0
0.3016311,2,0
0.6348154,2,1
0.5569791999999999,2,1
0.5886076,2,1
0.3430552,2,0
0.5220187,2,1
0.6252707,2,1
0.2941078,2,0
0.5826015999999999,2,1
0.6468972,2,1
0.5773377,2,1
0.4605947,2,1
0.36763959999999996,2,2
0.3366673,2,0
0.49535779999999996,2,1
0.6477649999999999,2,1
0.5421463000000001,2,1
0.5192979999999999,2,1
0.6533521999999999,2,1
0.7654425,2,1
0.6345376,2,1
0.6246744000000001,2,1
0.8058105,2,1
0.755811,2,1
0.49582709999999997,2,1
0.355748,2,0
0.636933,2,1
0.3541809,2,0
0.6293415,2,1
0.5606732,2,1
0.3083852,2,0
0.2851683,2,3
0.6062531999999999,2,1
0.3015723,2,0
0.5190954000000001,2,1
0.3101554,2,0
0.6526475,2,1
0.39091479999999995,2,1
0.5659105999999999,2,1
0.7024667,2,1
0.5461676999999999,2,1
0.5392276999999999,2,1
0.5074517,2,1
0.27948270000000003,2,0
0.5581388,2,1
0.5563714,2,1
0.6106066,2,1
0.2757597,2,3
0.5426456000000001,2,1
0.6268724,2,1
0.5720116,2,1
0.3445296,2,2
0.5379444999999999,2,1
0.30742790000000003,2,0
0.3602436,2,0
0.5307771,2,1
0.3469815,2,2
0.5955285,2,1
0.6351454000000001,2,1
0.5161809,2,1
0.6284425,2,1
0.2954791,2,0
0.5678955,2,1
0.6386705,2,1
0.5964430000000001,2,1
0.5541149000000001,2,1
0.6282674,2,1
0.4863031,2,1
0.36389520000000003,2,0
0.635965,2,1
0.4672732,2,1
0.3073925,2,0
0.5088383,2,1
0.5126314000000001,2,1
0.4776486,2,1
0.5568485,2,1
0.6235181,2,1
0.4880692,2,1
0.5927939999999999,2,1
0.3431264,2,0
0.3799215,2,0
0.5955798000000001,2,1
0.5598031,2,1
0.644138,2,1
0.38738670000000003,2,0
0.6316653,2,1
0.3094415,2,0
0.5417126999999999,2,1
0.5659407,2,1
0.6316997,2,1
0.5375805,2,1
0.5714956999999999,2,1
0.6001253000000001,2,1
0.6131995,2,1
0.2668325,2,3
0.6098003000000001,2,1
0.6384386,2,1
0.626405,2,1
0.5651993000000001,2,1
0.6568301999999999,2,1
0.3570055,2,2
0.5395057,2,1
0.4739518,2,1
0.3129417,2,0
0.3524748,2,2
0.6145255999999999,2,1
0.6441488000000001,2,1
0.582709,2,1
0.3404185,2,0
0.23149770000000003,2,3
0.3512825,2,0
0.5361113000000001,2,1
0.5124131,2,1
0.646753,2,1
0.5780713000000001,2,1
0.43069799999999997,2,1
0.4633406,2,1
0.5164783,2,1
0.2943691,2,0
0.7455558000000001,2,1
0.3598263,2,2
0.3120968,2,0
0.5603771,2,1
0.35159709999999994,2,0
0.4017562,2,1
0.311477,2,0
0.6155903,2,1
0.5945957,2,1
0.4240853,2,1
0.2911307,2,3
0.3029054,2,0
0.6744885,2,1
0.6325276,2,1
0.6414388000000001,2,1
0.3564766,2,0
0.6569788000000001,2,1
0.5702288000000001,2,1
0.5938919,2,1
0.6654815,2,1
0.6052161,2,1
0.6273420999999999,2,1
0.5649679,2,1
0.6387433000000001,2,1
0.6535408,2,1
0.34545370000000003,2,0
0.5399958,2,1
0.5510933000000001,2,1
0.4828041,2,1
0.49559430000000004,2,1
0.6372276,2,1
0.2918071,2,3
0.5104319,2,1
0.3298178,2,0
0.49810959999999993,2,1
0.3520472,2,2
0.6647816999999999,2,1
0.580705,2,1
0.3655954,2,0
0.3928578,2,0
0.5799163,2,1
0.8443386,2,1
0.3185126,2,0
0.5519090999999999,2,1
0.6268974,2,1
0.5794959,2,1
0.7288388000000001,2,1
0.351715,2,0
0.6041097,2,1
0.5510783,2,1
0.349019,2,2
0.3801406,2,0
0.6230074999999999,2,1
0.5789395,2,1
